{
    "init_keypoint_positions": [
        [
            -0.21509405638461754,
            -0.054988522515533184,
            0.32549999177717837
        ],
        [
            -0.24674193928123092,
            0.0040387863125049646,
            0.4061999897385249
        ],
        [
            -0.18142033003428495,
            -0.15300734641115768,
            0.3726999905848061
        ],
        [
            -0.1476883682002052,
            -0.04887903979109085,
            0.3250999917872832
        ],
        [
            -0.1427149056628297,
            -0.11176826368209476,
            0.35189999111025827
        ],
        [
            -0.146826187872053,
            0.11020130744235032,
            0.3726999905848061
        ],
        [
            -0.16098469217860148,
            0.024577614023915822,
            0.41849998942780076
        ],
        [
            -0.17952176879761306,
            -0.3185154591282729,
            0.6568999834053102
        ],
        [
            -0.10235410471463798,
            -0.36194452461110016,
            0.7026999822483049
        ],
        [
            -0.04457334783207409,
            0.10235537538204109,
            0.41069998962484533
        ],
        [
            0.03354621672344282,
            -0.021854638671062,
            0.5308999865883379
        ],
        [
            0.026045866516110627,
            0.11613533135972112,
            0.41219998958695214
        ],
        [
            0.12423628033486486,
            0.13713195769358644,
            0.42079998936969787
        ],
        [
            0.1689875995737764,
            -0.004723672231178756,
            0.5465999861917226
        ],
        [
            0.34283557633947676,
            -0.023997090877311725,
            0.7528999809801462
        ],
        [
            0.42466413045182805,
            0.06191989807801496,
            0.7554999809144647
        ]
    ],
    "num_keypoints": 16,
    "num_stages": 2,
    "grasp_keypoints": [
        12,
        -1
    ],
    "release_keypoints": [
        -1,
        12
    ]
}