{
    "init_keypoint_positions": [
        [
            -0.1690338161117148,
            -0.1250190099266853,
            0.5740000000000001
        ],
        [
            -0.15763108811651552,
            0.061827029131252834,
            0.58
        ],
        [
            -0.15424598991193214,
            0.16958281969765782,
            0.585
        ],
        [
            -0.022477837066350932,
            0.15519262959839095,
            0.588
        ],
        [
            0.0013521416870752774,
            -0.12697923830532667,
            0.583
        ],
        [
            0.04738007038941239,
            0.10997132290923246,
            0.591
        ],
        [
            0.15375298830627504,
            0.021725037306170116,
            0.436
        ],
        [
            0.2196976661206351,
            -0.07336994744696035,
            0.593
        ],
        [
            0.16895405225684026,
            0.09713877895283203,
            0.4
        ],
        [
            0.42175916765330773,
            -0.14394309998053592,
            0.835
        ]
    ],
    "num_keypoints": 10,
    "num_stages": 2,
    "grasp_keypoints": [
        2,
        -1
    ],
    "release_keypoints": [
        -1,
        2
    ]
}