{
    "init_keypoint_positions": [
        [
            -0.3021725513729179,
            0.26926600921300203,
            0.729
        ],
        [
            -0.24205339215336455,
            -0.10405735418153507,
            0.598
        ],
        [
            -0.16741485962664415,
            0.25561876338156103,
            0.714
        ],
        [
            -0.11828214152488767,
            0.10159787192629599,
            0.546
        ],
        [
            -0.11812219212741454,
            -0.11033283591773178,
            0.58
        ],
        [
            -0.042223137681041883,
            0.08321858171673263,
            0.536
        ],
        [
            0.008167150526298723,
            0.05432505028222929,
            0.534
        ],
        [
            0.2732181260846295,
            0.24747356127943948,
            0.67
        ],
        [
            0.2191796389704332,
            -0.1092367481995718,
            0.513
        ]
    ],
    "num_keypoints": 9,
    "num_stages": 2,
    "grasp_keypoints": [
        3,
        -1
    ],
    "release_keypoints": [
        -1,
        3
    ]
}