{
    "init_keypoint_positions": [
        [
            -0.07749828892096598,
            0.12261649257120613,
            0.616
        ],
        [
            -0.06783630406928653,
            -0.003293194056964901,
            0.619
        ],
        [
            -0.05175404252558508,
            0.06470518393563875,
            0.607
        ],
        [
            0.13680055792529638,
            0.061306170116135726,
            0.584
        ],
        [
            0.22372588676062735,
            0.10772348017906962,
            0.5690000000000001
        ]
    ],
    "num_keypoints": 5,
    "num_stages": 2,
    "grasp_keypoints": [
        0,
        -1
    ],
    "release_keypoints": [
        -1,
        0
    ]
}