{"init_keypoint_positions": [[-0.8453581570697005, -0.3250490030038396, 0.739], [-0.46753302530583946, -0.06615288842668689, 0.453], [-0.4842951768457485, -0.25031046423204445, 0.489], [-0.4655568808088237, -0.1781845174340411, 0.508], [-0.32627606264093706, 0.0034246407416098222, 0.456], [-0.18998148788651933, 0.003477211981064359, 0.463], [-0.19629573428024166, -0.024876238851088705, 0.504], [-0.08342883270811596, -0.16325324136127983, 0.276], [-0.1876734711275908, -0.2607332627201286, 0.658], [-0.21236748984382448, -0.5985014586627408, 1.5250000000000001], [-0.3350784078549851, -1.634681596011386, 4.067]], "num_keypoints": 11, "num_stages": 3, "grasp_keypoints": [4, -1, -1], "release_keypoints": [-1, -1, 4]}