{"init_keypoint_positions": [[-0.1872560116306655, -0.18849748444055303, 0.41600000000000004], [-0.10238475797022056, -0.046331646653498884, 0.41400000000000003]], "num_keypoints": 2, "num_stages": 2, "grasp_keypoints": [0, -1], "release_keypoints": [-1, 0]}