{"init_keypoint_positions": [[-0.32192158253045916, -0.2594484059985373, 0.8712708480744396], [-0.13365752785297869, -0.21214012970665536, 0.7132938084843155], [0.09276910301794405, -0.17113706271640194, 0.7082658006902034], [-0.14241292136219375, -0.11616936871526123, 0.7174685001546801], [0.09619647514392188, -0.05184038989565646, 0.7103342593000025], [-0.2694544606629514, 0.08538555292574929, 0.717461221607448], [-0.3588038387929681, 0.18954992816555993, 0.7242493656064286], [-0.27881027520360235, 0.2161113167460406, 0.7597333402155969]], "num_keypoints": 8, "num_stages": 3, "grasp_keypoints": [1, -1, -1], "release_keypoints": [-1, -1, 1]}