{
    "init_keypoint_positions": [
        [
            -0.09406487503446485,
            -0.16578913903847403,
            0.6940000000000001
        ],
        [
            -0.038743159738553606,
            -0.14601875040550186,
            0.6910000000000001
        ],
        [
            0.009064810159430404,
            0.09433329007980278,
            0.663
        ],
        [
            0.0187331365457288,
            0.18098384480633234,
            0.7030000000000001
        ],
        [
            0.02656238545501728,
            0.046167650684487124,
            0.6990000000000001
        ],
        [
            0.03405404090370923,
            -0.20512424576656074,
            0.6900000000000001
        ],
        [
            0.04273759670434825,
            0.10473444494906896,
            0.704
        ],
        [
            0.14470752712587379,
            0.14835736066956465,
            0.424
        ],
        [
            0.2751961496667045,
            -0.1288185946927918,
            0.683
        ],
        [
            0.30501344535089286,
            -0.1373085058067865,
            0.6980000000000001
        ],
        [
            0.2903542176881781,
            0.09064555894374877,
            0.59
        ]
    ],
    "num_keypoints": 11,
    "num_stages": 1,
    "grasp_keypoints": [
        2
    ],
    "release_keypoints": [
        -1
    ]
}