{
    "init_keypoint_positions": [
        [
            -0.07513315600823912,
            0.13612794394342437,
            0.605
        ],
        [
            -0.06508399695087337,
            0.010641406604814116,
            0.612
        ],
        [
            -0.03757544155570332,
            -0.1410295854149095,
            0.47700000000000004
        ],
        [
            -0.04621442820766498,
            0.06968189190942711,
            0.599
        ],
        [
            0.047965940606905955,
            -0.1805595276714462,
            0.452
        ],
        [
            0.19487735374734422,
            0.07476013754622722,
            0.5710000000000001
        ],
        [
            0.24881929059149813,
            0.10093434114059562,
            0.557
        ]
    ],
    "num_keypoints": 7,
    "num_stages": 3,
    "grasp_keypoints": [
        0,
        -1,
        -1
    ],
    "release_keypoints": [
        -1,
        -1,
        0
    ]
}