{"init_keypoint_positions": [[-0.26619869194407514, -0.25938393450417613, 0.8939211558261364], [-0.369276034498094, -0.2877711724460406, 0.8219845564872488], [0.09250583848816185, -0.2597084245875412, 0.7026905204538224], [0.09384886449654745, -0.18817235170858682, 0.7087159585705606], [0.0930205213689384, -0.12240992675690698, 0.7090261811109396], [-0.1306780291451677, -0.07862161680620045, 0.7159218336852429], [0.09485588959598312, -0.053442456920793545, 0.7100228999925167], [-0.2694544606629514, 0.08538555292574929, 0.717461221607448], [-0.3588038387929681, 0.18954992816555993, 0.7242493656064286], [-0.22739164477914314, 0.16978320445779588, 0.8097306168512479], [-0.27881027520360235, 0.2161113167460406, 0.7597333402155969]], "num_keypoints": 11, "num_stages": 3, "grasp_keypoints": [5, -1, -1], "release_keypoints": [-1, -1, 5]}