{
    "init_keypoint_positions": [
        [
            -0.096657946380784,
            -0.018201453318627134,
            0.427
        ],
        [
            0.012184066691535433,
            0.027068578472717836,
            0.431
        ],
        [
            0.12571769628752616,
            0.0033073379614611035,
            0.432
        ],
        [
            0.14281760384060205,
            0.061892882631544806,
            0.435
        ],
        [
            0.17888572262679014,
            -0.027362810614416404,
            0.399
        ]
    ],
    "num_keypoints": 5,
    "num_stages": 4,
    "grasp_keypoints": [
        1,
        -1,
        0,
        -1
    ],
    "release_keypoints": [
        -1,
        1,
        -1,
        0
    ]
}