{
    "ee_action_seq": [
        [
            -0.30123638429409805,
            -0.10363322937129366,
            0.4764082389523541,
            0.999999998981318,
            2.7403881102029013e-05,
            -2.010307615666954e-05,
            2.9702824696312615e-05,
            0.0
        ],
        [
            -0.30442029709440455,
            -0.08996504308952423,
            0.4253535337074318,
            0.999999998981318,
            2.7403881101995247e-05,
            -2.0103076156637675e-05,
            2.970282469639558e-05,
            0.0
        ],
        [
            -0.307604209894711,
            -0.07629685680775478,
            0.37429882846250945,
            0.999999998981318,
            2.7403881101961484e-05,
            -2.0103076156605806e-05,
            2.9702824696478538e-05,
            0.0
        ],
        [
            -0.3107881226950173,
            -0.06262867052598532,
            0.3232441232175871,
            0.999999998981318,
            2.740388110194895e-05,
            -2.01030761565835e-05,
            2.9702824696536614e-05,
            0.0
        ],
        [
            -0.3139720354953237,
            -0.048960484244215875,
            0.27218941797266477,
            0.999999998981318,
            2.7403881101971805e-05,
            -2.0103076156577122e-05,
            2.9702824696553213e-05,
            0.0
        ],
        [
            -0.3171559482956301,
            -0.03529229796244643,
            0.22113471272774252,
            0.999999998981318,
            2.7403881102015888e-05,
            -2.010307615658031e-05,
            2.970282469654492e-05,
            0.0
        ],
        [
            -0.3203398610959365,
            -0.021624111680676968,
            0.17008000748282015,
            0.999999998981318,
            2.7403881102059974e-05,
            -2.0103076156583495e-05,
            2.970282469653662e-05,
            0.0
        ]
    ],
    "stage": 1
}