{
    "init_keypoint_positions": [
        [
            -0.008365895194381816,
            -0.004179329137740869,
            0.488
        ],
        [
            0.014982727022073735,
            -0.04838188542139753,
            0.53
        ],
        [
            0.18448691957117602,
            0.011234672030104456,
            0.37
        ],
        [
            0.19371682047456085,
            -0.04337585155388309,
            0.386
        ],
        [
            0.24345858539987345,
            -0.07214520210212158,
            0.482
        ]
    ],
    "num_keypoints": 5,
    "num_stages": 1,
    "grasp_keypoints": [
        0
    ],
    "release_keypoints": [
        -1
    ]
}