{
    "ee_action_seq": [
        [
            -0.26013969837567863,
            -0.1646817387225272,
            0.5747887976721127,
            0.03125517020882471,
            -0.0063474456952067005,
            0.004982305715664558,
            0.9994788646580375,
            0.0
        ],
        [
            -0.25387717815810745,
            -0.1460383122849416,
            0.6213314093549888,
            0.03081120374843378,
            -0.006857654015873548,
            0.0064908815977056215,
            0.9994806205029968,
            0.0
        ],
        [
            -0.24869687740087587,
            -0.12741695508676162,
            0.66796993203305,
            0.03035435908182763,
            -0.0073825414684030735,
            0.008042899827715059,
            0.9994795759436809,
            0.0
        ],
        [
            -0.24459879610398394,
            -0.10881766712798745,
            0.714704365706297,
            0.03021829541279347,
            -0.00753884693820778,
            0.008505080782385068,
            0.9994787061313876,
            0.0
        ],
        [
            -0.24158293426743174,
            -0.090240448408619,
            0.7615347103747296,
            0.03063445503392483,
            -0.007060742315639194,
            0.007091380350535571,
            0.9994805592944019,
            0.0
        ],
        [
            -0.23964929189121914,
            -0.0716852989286563,
            0.8084609660383477,
            0.03125517020882472,
            -0.006347445695206569,
            0.004982305715664552,
            0.9994788646580375,
            0.0
        ]
    ],
    "stage": 1
}