{
    "init_keypoint_positions": [
        [
            -0.12717931459526086,
            0.03707130344514371,
            0.535
        ],
        [
            -0.1276547512853366,
            0.13999000843443848,
            0.537
        ],
        [
            -0.11650878245779067,
            -0.1017668202167002,
            0.526
        ],
        [
            -0.050233809624211354,
            0.07829325893726076,
            0.538
        ],
        [
            0.01964448481113256,
            0.12588204762213717,
            0.54
        ],
        [
            0.03416246330505863,
            0.01472652955297476,
            0.485
        ],
        [
            0.07429472728157387,
            -0.03978524622072277,
            0.53
        ],
        [
            0.10045719058663251,
            -0.17753428923635892,
            0.523
        ],
        [
            0.18114308188851225,
            0.07727171867903718,
            0.373
        ],
        [
            0.23788024068637784,
            -0.15398157399597742,
            0.47400000000000003
        ]
    ],
    "num_keypoints": 10,
    "num_stages": 6,
    "grasp_keypoints": [
        5,
        -1,
        0,
        -1,
        2,
        -1
    ],
    "release_keypoints": [
        -1,
        5,
        -1,
        0,
        -1,
        2
    ]
}