{
    "init_keypoint_positions": [
        [
            -0.21687932575057273,
            0.08162931541219978,
            0.3726999905848061
        ],
        [
            -0.18067511958297552,
            -0.07473392925549006,
            0.3193999919312773
        ],
        [
            -0.1206598916007817,
            0.17748268844955134,
            0.3274999917266541
        ],
        [
            -0.1318490522221899,
            -0.15643253798006843,
            0.42159998934948817
        ],
        [
            -0.13429568510232362,
            0.02681358478934189,
            0.43919998890487477
        ],
        [
            -0.1262204381721497,
            -0.015238423626567585,
            0.4780999879221781
        ],
        [
            -0.10009279693308516,
            -0.3321004794606428,
            0.6982999823594582
        ],
        [
            -0.07947203818357729,
            -0.1884354271033084,
            0.6252999842035933
        ],
        [
            0.006906745544182482,
            -0.07631011283319775,
            0.5690999856233248
        ],
        [
            0.017016730437527383,
            -0.189197969480551,
            0.6529999835038325
        ],
        [
            0.022913159025750255,
            -0.2639160552202029,
            0.6938999824706116
        ],
        [
            0.038945754805816565,
            0.08721512579936243,
            0.4507999886118341
        ],
        [
            0.0833827611552812,
            0.13543383015204022,
            0.42159998934948817
        ],
        [
            0.3698318999717819,
            0.11848944550366151,
            0.7580999808487832
        ],
        [
            0.4790587431771151,
            -0.19937071465868175,
            0.9459999761020299
        ],
        [
            0.34086558288666724,
            0.24104782181565151,
            0.6165999844233738
        ],
        [
            0.5258053935022055,
            0.2307028515803095,
            0.7233999817253789
        ]
    ],
    "num_keypoints": 17,
    "num_stages": 2,
    "grasp_keypoints": [
        12,
        -1
    ],
    "release_keypoints": [
        -1,
        12
    ]
}