{"init_keypoint_positions": [[-0.32192158253045916, -0.2594484059985373, 0.8712708480744396], [-0.13007505985316775, -0.2250875792721891, 0.7044360370490497], [0.09276910301794405, -0.17113706271640194, 0.7082658006902034], [-0.14086871819855293, -0.12100169555813822, 0.717668816639519], [0.09358727543376139, -0.05349933651343703, 0.7095677447224862], [-0.2694544606629514, 0.08538555292574929, 0.717461221607448], [-0.3588038387929681, 0.18954992816555993, 0.7242493656064286], [-0.24236866545603808, 0.19112699527518998, 0.794053074345114]], "num_keypoints": 8, "num_stages": 3, "grasp_keypoints": [3, -1, -1], "release_keypoints": [-1, -1, 3]}