{
    "init_keypoint_positions": [
        [
            -0.13902569051364808,
            0.09984707714267178,
            0.551
        ],
        [
            -0.12857544155570333,
            -0.012234866670992023,
            0.5680000000000001
        ],
        [
            -0.00648257294386687,
            0.08540219295399988,
            0.528
        ],
        [
            0.056533126814473623,
            -0.002878219684681763,
            0.541
        ],
        [
            0.2587237783220072,
            -0.17447401544151042,
            0.524
        ],
        [
            0.18189885982126927,
            -0.10761772529682735,
            0.366
        ],
        [
            0.2554535900222197,
            -0.11028339713229092,
            0.514
        ]
    ],
    "num_keypoints": 7,
    "num_stages": 2,
    "grasp_keypoints": [
        0,
        -1
    ],
    "release_keypoints": [
        -1,
        0
    ]
}