{"init_keypoint_positions": [[-0.3241463898358934, -0.26133870482942706, 0.8729444627738121], [-0.13871698743695995, -0.24309455415295167, 0.7104476322317663], [0.09161988217984363, -0.18090771023669988, 0.7072122392135821], [-0.14599647680156727, -0.15807909818930735, 0.7141332239208447], [0.09619647514392188, -0.05184038989565646, 0.7103342593000025], [-0.2694544606629514, 0.08538555292574929, 0.717461221607448], [-0.3692298032497524, 0.171436923388461, 0.8036517717117403], [-0.358148930792819, 0.19068249774293594, 0.72636079738372]], "num_keypoints": 8, "num_stages": 3, "grasp_keypoints": [1, -1, -1], "release_keypoints": [-1, -1, 1]}