{
    "init_keypoint_positions": [
        [
            -0.034215741927112894,
            -0.10229286965548563,
            0.52
        ],
        [
            -0.022195419822566776,
            -0.04683403620320509,
            0.47900000000000004
        ],
        [
            -0.008280179055095116,
            0.02093323817556608,
            0.483
        ],
        [
            0.18239585124154598,
            -0.026954129630831117,
            0.367
        ]
    ],
    "num_keypoints": 4,
    "num_stages": 1,
    "grasp_keypoints": [
        1
    ],
    "release_keypoints": [
        -1
    ]
}