{
    "ee_action_seq": [
        [
            -0.2573753890070004,
            -0.1636921599202145,
            0.5668182064956292,
            0.9999999826559324,
            -2.2681942593229844e-05,
            3.5994290224886375e-05,
            0.00018132312436337116,
            0.0
        ],
        [
            -0.2621838343447712,
            -0.14049579046563213,
            0.5201642252807465,
            0.9999996341757933,
            -0.0007731644323846239,
            -0.00031589288651120653,
            0.00018459882018854722,
            0.0
        ],
        [
            -0.26759807086043313,
            -0.11722711174446968,
            0.47363156910360954,
            0.9999985925377314,
            -0.0015269616594370313,
            -0.0006693343136864064,
            0.00018788885879610353,
            0.0
        ],
        [
            -0.2736180985539864,
            -0.09388612375672717,
            0.42722023796421876,
            0.9999976715646767,
            -0.001963837347969244,
            -0.0008741771712393398,
            0.00018979559775550705,
            0.0
        ],
        [
            -0.28024391742543087,
            -0.07047282650240465,
            0.3809302318625742,
            0.9999979357881533,
            -0.0018491882550404671,
            -0.0008204203500499658,
            0.00018929521718068977,
            0.0
        ],
        [
            -0.28747552747476657,
            -0.046987219981502064,
            0.3347615507986756,
            0.9999989405438635,
            -0.0013244059951228438,
            -0.0005743597463861548,
            0.00018700479259311923,
            0.0
        ],
        [
            -0.29531292870199355,
            -0.023429304194019417,
            0.2887141947725231,
            0.9999997506476969,
            -0.0006340496112820727,
            -0.000250664551245305,
            0.00018399162309930048,
            0.0
        ],
        [
            -0.30375612110711175,
            0.00020092086004327886,
            0.24278816378411663,
            0.9999999826559324,
            -2.2681942593266764e-05,
            3.599429022492408e-05,
            0.00018132312436349723,
            0.0
        ]
    ],
    "stage": 1
}