{
    "init_keypoint_positions": [
        [
            -0.11146685696676775,
            0.07365782131966521,
            0.616
        ],
        [
            0.056097863989490244,
            0.1318968403295919,
            0.582
        ],
        [
            0.12586402192776164,
            0.03870421073120093,
            0.586
        ]
    ],
    "num_keypoints": 3,
    "num_stages": 2,
    "grasp_keypoints": [
        0,
        -1
    ],
    "release_keypoints": [
        -1,
        0
    ]
}