{
    "init_keypoint_positions": [
        [
            -0.09181015943039718,
            0.06906578861999611,
            0.427
        ],
        [
            -0.08525964610668699,
            -0.015934860182962435,
            0.422
        ],
        [
            0.012883095187894322,
            0.031962174787517034,
            0.431
        ]
    ],
    "num_keypoints": 3,
    "num_stages": 2,
    "grasp_keypoints": [
        0,
        -1
    ],
    "release_keypoints": [
        -1,
        0
    ]
}