{
    "ee_action_seq": [
        [
            -0.30124344213981874,
            -0.10365099988899074,
            0.47639735061202804,
            0.9999347861651144,
            -0.005848413932475434,
            -0.00883734489328893,
            0.004256854077644969,
            0.0
        ],
        [
            -0.3238902934998298,
            -0.09765428540764062,
            0.4266703065831935,
            0.9999026390845467,
            -0.005190858044325143,
            -0.012240731999779257,
            0.004234598520736542,
            0.0
        ],
        [
            -0.3463682179105487,
            -0.09135023282599339,
            0.3769088575469419,
            0.9998646365645258,
            -0.004615213993742556,
            -0.01521977291672095,
            0.0042150753070272435,
            0.0
        ],
        [
            -0.36867721537197534,
            -0.08473884214404902,
            0.3271130035032732,
            0.9998551666373744,
            -0.004490194297768437,
            -0.015866720270469727,
            0.0042108302714639265,
            0.0
        ],
        [
            -0.39081728588410986,
            -0.07782011336180755,
            0.2772827444521875,
            0.9998794805248254,
            -0.004823952150232183,
            -0.014139564485897236,
            0.004222159069329739,
            0.0
        ],
        [
            -0.41278842944695215,
            -0.07059404647926897,
            0.2274180803936846,
            0.9999122208548225,
            -0.005363098114443114,
            -0.011349294824759267,
            0.00424043285201658,
            0.0
        ],
        [
            -0.4345906460605023,
            -0.06306064149643327,
            0.17751901132776468,
            0.9999347861651144,
            -0.00584841393247536,
            -0.008837344893289014,
            0.0042568540776451265,
            0.0
        ]
    ],
    "stage": 1
}