{
    "ee_action_seq": [
        [
            -0.31880688969662824,
            -0.05949190931484221,
            0.43595007219923815,
            0.999999975210771,
            -1.9301765252032885e-05,
            -0.0002218043965337677,
            -2.951062736752427e-06,
            0.0
        ],
        [
            -0.3227167099576996,
            -0.04664826106673361,
            0.3865885165922965,
            0.999999975210771,
            -1.9301765252033935e-05,
            -0.00022180439653384155,
            -2.9510627368283744e-06,
            0.0
        ],
        [
            -0.32662653021877075,
            -0.03380461281862501,
            0.3372269609853548,
            0.999999975210771,
            -1.930176525203499e-05,
            -0.0002218043965339154,
            -2.9510627369043224e-06,
            0.0
        ],
        [
            -0.33053635047984203,
            -0.020960964570516407,
            0.287865405378413,
            0.999999975210771,
            -1.930176525203572e-05,
            -0.000221804396533956,
            -2.951062736935281e-06,
            0.0
        ],
        [
            -0.3344461707409133,
            -0.008117316322407803,
            0.2385038497714713,
            0.999999975210771,
            -1.9301765252035917e-05,
            -0.0002218043965339412,
            -2.951062736891258e-06,
            0.0
        ],
        [
            -0.33835599100198455,
            0.004726331925700797,
            0.1891422941645296,
            0.999999975210771,
            -1.930176525203579e-05,
            -0.0002218043965338931,
            -2.951062736802246e-06,
            0.0
        ],
        [
            -0.34226581126305583,
            0.01756998017380941,
            0.13978073855758788,
            0.999999975210771,
            -1.9301765252035666e-05,
            -0.00022180439653384502,
            -2.9510627367132343e-06,
            0.0
        ]
    ],
    "stage": 2
}