{
    "init_keypoint_positions": [
        [
            -0.12717931459526086,
            0.03707130344514371,
            0.535
        ],
        [
            -0.1276547512853366,
            0.13999000843443848,
            0.537
        ],
        [
            -0.11650878245779067,
            -0.1017668202167002,
            0.526
        ],
        [
            0.01964448481113256,
            0.12588204762213717,
            0.54
        ],
        [
            0.025862610895762042,
            -0.11472386946084476,
            0.47700000000000004
        ],
        [
            0.048781468446405116,
            0.03433912930642964,
            0.533
        ],
        [
            0.08938415751658368,
            -0.04849419321352106,
            0.513
        ],
        [
            0.10156770520784339,
            -0.17988970349704797,
            0.52
        ],
        [
            0.10097116304718037,
            0.007141958087328878,
            0.453
        ],
        [
            0.1810221386055111,
            0.08172529682735354,
            0.374
        ],
        [
            0.2313565694081775,
            -0.13191773178485697,
            0.464
        ]
    ],
    "num_keypoints": 11,
    "num_stages": 6,
    "grasp_keypoints": [
        6,
        -1,
        0,
        -1,
        2,
        -1
    ],
    "release_keypoints": [
        -1,
        6,
        -1,
        0,
        -1,
        2
    ]
}