{"init_keypoint_positions": [[-0.3236278844749854, -0.26143688774402196, 0.8702497584761573], [-0.13036364169299056, -0.21779045604842465, 0.7108767169461657], [-0.14712214886064923, -0.11003502472365617, 0.7158261197554241], [-0.2694544606629514, 0.08538555292574929, 0.717461221607448], [-0.3588038387929681, 0.18954992816555993, 0.7242493656064286], [-0.27881027520360235, 0.2161113167460406, 0.7597333402155969]], "num_keypoints": 6, "num_stages": 3, "grasp_keypoints": [1, -1, -1], "release_keypoints": [-1, -1, 1]}