{
    "init_keypoint_positions": [
        [
            -0.05271393353552718,
            0.05349977291896452,
            0.419
        ],
        [
            -0.04214045444961642,
            -0.002245117757736976,
            0.422
        ],
        [
            0.032079374604667754,
            0.06890404204243171,
            0.426
        ],
        [
            0.057186029161328,
            0.1220086290793486,
            0.433
        ],
        [
            0.07629819809591773,
            -0.005721274249010576,
            0.426
        ]
    ],
    "num_keypoints": 5,
    "num_stages": 3,
    "grasp_keypoints": [
        0,
        -1,
        -1
    ],
    "release_keypoints": [
        -1,
        -1,
        0
    ]
}