{
    "ee_action_seq": [
        [
            -0.30297841862633257,
            -0.10361592853479715,
            0.4723020803301865,
            0.9999640659462328,
            -0.005729305554016526,
            -0.004724421309348014,
            0.004089219661347975,
            0.0
        ],
        [
            -0.3182040425504311,
            -0.0943619736000254,
            0.4234711272766897,
            0.9999640659462328,
            -0.005729305554016514,
            -0.004724421309348128,
            0.004089219661348003,
            0.0
        ],
        [
            -0.33342966647452954,
            -0.08510801866525364,
            0.37464017422319285,
            0.9999640659462328,
            -0.005729305554016502,
            -0.004724421309348242,
            0.00408921966134803,
            0.0
        ],
        [
            -0.34865529039862797,
            -0.07585406373048187,
            0.3258092211696959,
            0.9999640659462328,
            -0.005729305554016493,
            -0.0047244213093483,
            0.00408921966134805,
            0.0
        ],
        [
            -0.3638809143227264,
            -0.06660010879571009,
            0.2769782681161991,
            0.9999640659462328,
            -0.005729305554016491,
            -0.0047244213093482635,
            0.004089219661348055,
            0.0
        ],
        [
            -0.37910653824682483,
            -0.057346153860938304,
            0.22814731506270225,
            0.9999640659462328,
            -0.005729305554016492,
            -0.004724421309348171,
            0.004089219661348053,
            0.0
        ],
        [
            -0.39433216217092326,
            -0.0480921989261665,
            0.17931636200920534,
            0.9999640659462328,
            -0.005729305554016494,
            -0.004724421309348078,
            0.004089219661348051,
            0.0
        ]
    ],
    "stage": 1
}