{"init_keypoint_positions": [[-0.26625974799624197, -0.2574094013789139, 0.8995587400600282], [-0.35349482019828093, -0.2641917292842005, 0.8641462207693333], [-0.13036364169299056, -0.21779045604842465, 0.7108767169461657], [-0.14088650036375358, -0.1226416198045639, 0.7176484662010969], [-0.2694544606629514, 0.08538555292574929, 0.717461221607448], [-0.359463070101083, 0.18840985050863335, 0.7221239966065179], [-0.35875467115910065, 0.1895781687565039, 0.8015311289344008], [-0.2444958932537415, 0.19304720662891522, 0.7670774240003007]], "num_keypoints": 8, "num_stages": 3, "grasp_keypoints": [2, -1, -1], "release_keypoints": [-1, -1, 2]}