{
    "init_keypoint_positions": [
        [
            -0.2986437387482362,
            -0.14504003114254202,
            0.661
        ],
        [
            -0.07456452633115461,
            0.14111950950496335,
            0.525
        ],
        [
            -0.030612728481762,
            -0.014916888341010837,
            0.47700000000000004
        ],
        [
            -0.009000194625103389,
            -0.10072179329137743,
            0.525
        ],
        [
            0.09234031821204404,
            -0.09381515603711153,
            0.489
        ],
        [
            0.1303944726470636,
            -0.18467319794978265,
            0.524
        ],
        [
            0.1590446826799877,
            -0.10432634788814639,
            0.526
        ],
        [
            0.23888395478210095,
            -0.08437241289820283,
            0.47600000000000003
        ],
        [
            0.1816722513258835,
            0.0021842600402257827,
            0.362
        ]
    ],
    "num_keypoints": 9,
    "num_stages": 2,
    "grasp_keypoints": [
        2,
        -1
    ],
    "release_keypoints": [
        -1,
        2
    ]
}