{
    "ee_action_seq": [
        [
            -0.2581506352429112,
            -0.16472446858792814,
            0.5653872955526148,
            0.9999588517809564,
            0.007848064310221491,
            -9.525506181364275e-05,
            0.0045490172528643335,
            0.0
        ],
        [
            -0.26710741662364024,
            -0.14782719142805228,
            0.5147581952126599,
            0.9999563924767082,
            0.008526701357633573,
            4.3785774237911686e-05,
            0.0038087519913131305,
            0.0
        ],
        [
            -0.27579917710317503,
            -0.13045533818322744,
            0.46426434871857347,
            0.9999515836095914,
            0.009420727501581133,
            0.0002269587332504641,
            0.002833517203903355,
            0.0
        ],
        [
            -0.28422591668151553,
            -0.11260890885345373,
            0.41390575607035585,
            0.9999456785655045,
            0.010231677791535014,
            0.0003931132856907234,
            0.0019488842160449741,
            0.0
        ],
        [
            -0.2923876353586618,
            -0.09428790343873117,
            0.36368241726800693,
            0.9999419571518116,
            0.010661106835528709,
            0.00048109945769506156,
            0.0014804295856404122,
            0.0
        ],
        [
            -0.30028433313461383,
            -0.07549232193905972,
            0.3135943323115267,
            0.9999441782690518,
            0.010410575309700996,
            0.0004297677026157089,
            0.0017537295326048399,
            0.0
        ],
        [
            -0.30791601000937163,
            -0.056222164354439365,
            0.2636415012009151,
            0.9999523856484417,
            0.009292051268347324,
            0.0002005946566434508,
            0.002973883151759866,
            0.0
        ],
        [
            -0.31528266598293514,
            -0.03647743068487011,
            0.21382392393617228,
            0.9999588517809564,
            0.007848064310221512,
            -9.525506181357926e-05,
            0.004549017252864521,
            0.0
        ]
    ],
    "stage": 1
}