{
    "ee_action_seq": [
        [
            -0.11984700643669373,
            -0.09443678766414701,
            0.49919224619165176,
            0.9999999825828367,
            -5.738727402214614e-05,
            3.5034757243086666e-05,
            0.00017410799194211415,
            0.0
        ],
        [
            -0.12373891782605322,
            -0.0802965967518722,
            0.4420498732163349,
            0.9999545079719991,
            0.0035774785822817686,
            -0.0011276676767950024,
            -0.0087699486361624,
            0.0
        ],
        [
            -0.1291811733045849,
            -0.06877338170141264,
            0.3845688953165763,
            0.9999216346734666,
            0.004691584054028404,
            -0.0014840423940128173,
            -0.011511349581135429,
            0.0
        ],
        [
            -0.13617377287228882,
            -0.05986714251276837,
            0.32674931249237615,
            0.9999551408453855,
            0.0035525915800906165,
            -0.0011197069435358495,
            -0.008708710944277763,
            0.0
        ],
        [
            -0.14471671652916498,
            -0.053577879185939384,
            0.2685911247437346,
            0.9999918918535835,
            0.0015172926701932077,
            -0.0004686656742309275,
            -0.003700594888620686,
            0.0
        ],
        [
            -0.15481000427521335,
            -0.04990559172092568,
            0.2100943320706514,
            0.9999999825828367,
            -5.738727402207446e-05,
            3.5034757243032585e-05,
            0.000174107991942024,
            0.0
        ]
    ],
    "stage": 1
}