{
    "ee_action_seq": [
        [
            -0.26020767354528174,
            -0.16522115509096502,
            0.5710744514951481,
            0.028484621078568743,
            0.003801791679701143,
            0.00519086036277705,
            0.9995735229140119,
            0.0
        ],
        [
            -0.2654534126091622,
            -0.14533997548354183,
            0.5248798316007794,
            0.028484621078568757,
            0.003801791679701112,
            0.0051908603627770274,
            0.9995735229140119,
            0.0
        ],
        [
            -0.27069915167304265,
            -0.12545879587611858,
            0.4786852117064107,
            0.028484621078568775,
            0.0038017916797010777,
            0.005190860362777003,
            0.9995735229140119,
            0.0
        ],
        [
            -0.275944890736923,
            -0.1055776162686953,
            0.43249059181204186,
            0.028484621078568785,
            0.0038017916797010555,
            0.005190860362776987,
            0.9995735229140119,
            0.0
        ],
        [
            -0.28119062980080356,
            -0.08569643666127208,
            0.3862959719176732,
            0.028484621078568785,
            0.003801791679701059,
            0.005190860362776986,
            0.9995735229140119,
            0.0
        ],
        [
            -0.28643636886468404,
            -0.06581525705384883,
            0.3401013520233045,
            0.028484621078568775,
            0.003801791679701088,
            0.005190860362777002,
            0.9995735229140119,
            0.0
        ],
        [
            -0.2916821079285645,
            -0.04593407744642557,
            0.29390673212893564,
            0.028484621078568757,
            0.0038017916797011284,
            0.005190860362777026,
            0.9995735229140119,
            0.0
        ],
        [
            -0.296927846992445,
            -0.026052897839002297,
            0.24771211223456688,
            0.02848462107856874,
            0.0038017916797011666,
            0.005190860362777047,
            0.9995735229140119,
            0.0
        ]
    ],
    "stage": 1
}