{
    "ee_action_seq": [
        [
            -0.12456801780893718,
            -0.12020378041039545,
            0.7234860961066275,
            0.9989342236970482,
            -0.0010533942490500196,
            0.04592128316441126,
            -0.004532420971796523,
            0.0
        ],
        [
            -0.06971155996807929,
            -0.13373564228472729,
            0.6697836167645119,
            0.9989342236970482,
            -0.0010533942490499537,
            0.04592128316441123,
            -0.0045324209717965205,
            0.0
        ]
    ],
    "stage": 1
}