{
    "init_keypoint_positions": [
        [
            -0.18977465656778628,
            0.009165250113540517,
            0.648
        ],
        [
            -0.10194503462704964,
            0.05648640757801856,
            0.625
        ],
        [
            -0.053433592292845895,
            -0.009257120612469994,
            0.615
        ],
        [
            0.11874262451951927,
            0.02785726334912087,
            0.598
        ],
        [
            0.12798288920965986,
            0.09304100434697982,
            0.587
        ],
        [
            0.1388332711614253,
            -0.031467397651333294,
            0.601
        ]
    ],
    "num_keypoints": 6,
    "num_stages": 2,
    "grasp_keypoints": [
        4,
        -1
    ],
    "release_keypoints": [
        -1,
        4
    ]
}