{"init_keypoint_positions": [[-0.027868960420430296, 0.027849123210298178, 0.40900000000000003], [0.0630334537690918, -0.010861700380927361, 0.357], [0.09259095089505666, -0.015956078418494682, 0.41300000000000003]], "num_keypoints": 3, "num_stages": 2, "grasp_keypoints": [0, -1], "release_keypoints": [-1, 0]}