{"init_keypoint_positions": [[-0.32244037928253666, -0.25934814132828654, 0.8739757363600806], [0.09447421266247202, -0.2553369649674182, 0.7052309146662421], [0.09781107843971087, -0.16253111925076058, 0.7103844339310235], [-0.15390741265944102, -0.15943641786852336, 0.7037554719845089], [0.09358727543376139, -0.05349933651343703, 0.7095677447224862], [-0.2644965006297148, 0.08876534758370616, 0.7161317357832102], [-0.3588038387929681, 0.18954992816555993, 0.7242493656064286], [-0.3692298032497524, 0.171436923388461, 0.8036517717117403]], "num_keypoints": 8, "num_stages": 3, "grasp_keypoints": [3, -1, -1], "release_keypoints": [-1, -1, 3]}